订单号,父单号,订单状态,下单时间,完成时间,商品ID,联盟商品ID,商品名称,商品店铺名称,商品数量,商品售后中数量,商品已退货数量,同跨店,付款金额,佣金比例,分成比例,预估计佣金额,预估佣金,实际计佣金额,实际佣金,结算信息,下单平台,plus订单,推广角色,是否京喜红包,是否拼购,是否复购,是否首购,是否预售,推广位ID,推广位名称,PID,第三方服务平台,网站ID,礼金批次,礼金分摊金额,是否联盟礼金,是否推客礼金,价保金额,团长渠道ID,渠道名称,subUnionId,channelId,是否为内容场订单
2.98782E+11,0,已完成,2024/7/24 21:35,2024/7/30 8:49,1.00881E+13,3nW3qMcM3Uw5jb5WHPz7PAMR_3cvPzVofY3sKf4Fe2T,VGN V87有线/无线/蓝牙三模客制化机械键盘gasket结构全键热插拔游戏电竞办公键盘IP联名款 V87 动力银轴 果冻橙,VGN官方旗舰店,1,0,0,同店,148.58,0.10%,90.00%,149,0.14,148.58,0.14,{"20240820":0.135},PC,是,推客,否,否,否,否,否,3003800870,游戏动力VGN,1002453015_4100359265_3003800870,Bilibili,4100359265,,0,否,否,0,0,,,0,否
2.98727E+11,0,已完成,2024/7/23 12:07,2024/7/28 16:22,1.0107E+13,3nW3qMcM3Uw5jbW68Pz7PjEg_3cvPzVofY3sKDTNwkT,VGN A75 有线单模 电竞磁轴键盘 客制化 全键热插拔 gasket结构  电竞游戏 A75-磁轴-白,VGN官方旗舰店,1,0,0,同店,188.98,0.10%,90.00%,189,0.17,188.98,0.17,{"20240820":0.171},无线,否,推客,否,否,否,否,否,3003800870,游戏动力VGN,1002453015_4100359265_3003800870,Bilibili,4100359265,,0,否,否,0,0,,,0,否
2.9523E+11,0,已完成,2024/7/22 13:20,2024/7/27 23:28,1.00915E+13,fsX4Wbm0jgASPGY5ueNFg83y_3uiINmQ29jdz4g9lQa,VGN V98PRO V2 三模有线/蓝牙/无线 客制化键盘 机械键盘 电竞游戏 办公家用 全键热插拔  gasket结构 V98Pro-V2 极地狐轴 限定款,VGN官方旗舰店,1,0,0,同店,408,0.10%,90.00%,409,0.37,408,0.37,{"20240820":0.369},无线,否,推客,否,否,否,否,否,3003800870,游戏动力VGN,1002453015_4100359265_3003800870,Bilibili,4100359265,,0,否,否,0,0,,,0,否
2.95192E+11,0,已完成,2024/7/22 10:41,2024/7/24 11:22,1.00771E+13,Q9Z2ZepDkauz7VeaFUCNjW45_3SD7M7W18kR0Ox47oa,VGN 蜻蜓F1MOBA 有线/无线双模鼠标 游戏电竞 家用办公 长续航 PAW3395 轻量化设计 人体工学 蜻蜓F1 MOBA（白色）,VGN官方旗舰店,1,0,0,同店,239,0.10%,90.00%,239,0.22,239,0.22,{"20240820":0.216},无线,否,推客,否,否,否,否,否,3003800870,游戏动力VGN,1002453015_4100359265_3003800870,Bilibili,4100359265,,0,否,否,0,0,,,0,否
2.98522E+11,2.98457E+11,已完成,2024/7/18 0:34,2024/7/23 11:59,1.00735E+13,W1glWyLCnJZmaPpBa5jO1Tv0_3ASiJIQ5lni9ePNkWs,VGN N75有线/无线/蓝牙三模客制化机械键盘gasket结构全键热插拔游戏电竞办公键盘 N75Pro 蒸汽波轴 果冻橙,VGN官方旗舰店,1,0,0,同店,139.12,0.10%,90.00%,159.3,0.14,158.78,0.14,{"20240820":0.144},无线,是,推客,否,否,否,否,否,3003800870,游戏动力VGN,1002453015_4100359265_3003800870,Bilibili,4100359265,,0,否,否,0,0,,,0,否
2.95076E+11,0,已完成,2024/7/17 22:20,2024/7/23 9:18,1.00725E+13,R0kllXBPHCS3NrFh4rF2KjNf_3OPK6QmoqHEt7USEzL,VGN S99 三模连接 蓝牙/无线 客制化键盘 机械键盘 游戏电竞 办公 单键开槽 全键热插拔 gasket结构 S99 阿尼亚轴 斑斓绿,VGN官方旗舰店,1,0,0,同店,267.95,3.00%,90.00%,269,7.26,268,7.24,{"20240820":7.236},无线,是,推客,否,否,否,否,否,3003800870,游戏动力VGN,1002453015_4100359265_3003800870,Bilibili,4100359265,,0,否,否,0,0,,,0,否
2.98478E+11,0,已完成,2024/7/16 22:24,2024/7/22 9:14,1.00768E+13,VN26PIGxdqKBQ5Y20mY5heDm_3FGg4Cq3Od7bcyIuu0,VGN S99 三模连接 蓝牙/无线 客制化键盘 机械键盘 游戏电竞 办公 单键开槽 全键热插拔 gasket结构 S99 阿尼亚轴 远山蓝,VGN官方旗舰店,1,0,0,同店,289,3.00%,90.00%,289,7.8,289,7.8,{"20240820":7.803},无线,否,推客,否,否,否,是,否,3003800870,游戏动力VGN,1002453015_4100359265_3003800870,Bilibili,4100359265,,0,否,否,0,0,,,0,否
2.95076E+11,0,已完成,2024/7/16 21:46,2024/7/22 0:31,1.0107E+13,82IB5rgXTYjXinrWjNSXYoYo_3klNtUoe4T0LXMdSGa,VGN A75 有线单模 电竞磁轴键盘 客制化 全键热插拔 gasket结构  电竞游戏 A75-磁轴-黑-灰色渐变侧刻,VGN官方旗舰店,1,0,0,同店,245,0.10%,90.00%,249,0.23,249,0.23,{"20240820":0.225},无线,否,推客,否,否,否,是,否,3003800870,游戏动力VGN,1002453015_4100359265_3003800870,Bilibili,4100359265,,0,否,否,0,0,,,0,否
2.98515E+11,2.98519E+11,已完成,2024/7/17 21:39,2024/7/21 11:03,1.01008E+13,XHV235rofKV1ZuugGvlaI0Xt_3HJs0HNKYfHc93NdAG,VGN V98PRO V2 三模有线/蓝牙/无线 客制化键盘 机械键盘 电竞游戏 办公家用 全键热插拔  gasket结构 V98Pro-V2 极地狐轴 极夜 侧刻,VGN官方旗舰店,1,0,0,同店,377.96,0.10%,90.00%,379,0.34,377.96,0.34,{"20240820":0.342},无线,否,推客,否,否,否,否,否,3003800870,游戏动力VGN,1002453015_4100359265_3003800870,Bilibili,4100359265,,0,否,否,0,0,,,0,否
2.98359E+11,2.98356E+11,已完成,2024/7/13 16:25,2024/7/21 10:30,1.00881E+13,czqr8AtYshCAiyUa2ct1nCbi_336URiMmGsFSVFbJWa,VGN V87有线/无线/蓝牙三模客制化机械键盘gasket结构全键热插拔游戏电竞办公键盘IP联名款 V87 动力银轴 加勒比海,VGN官方旗舰店,1,0,0,同店,148.99,0.10%,90.00%,149,0.14,148.99,0.14,{"20240820":0.135},无线,否,推客,否,否,否,否,否,3003800870,游戏动力VGN,1002453015_4100359265_3003800870,Bilibili,4100359265,,0,否,否,0,0,,,0,否
2.98566E+11,0,已完成,2024/7/18 23:08,2024/7/21 9:33,1.01008E+13,751e2jYv4HkwusCLuMvobo1c_3vbTdJ0Ny4wBNpp3PN,VGN V87有线/无线/蓝牙三模客制化机械键盘gasket结构全键热插拔游戏电竞办公键盘IP联名款 V87 夏荷轴 黑曜石 侧刻,VGN官方旗舰店,1,0,0,同店,197.88,0.10%,90.00%,199,0.18,197.88,0.18,{"20240820":0.180},无线,否,推客,否,否,否,否,否,3003800870,游戏动力VGN,1002453015_4100359265_3003800870,Bilibili,4100359265,,0,否,否,0,0,,,0,否
2.95049E+11,0,已完成,2024/7/14 19:33,2024/7/20 18:31,1.00881E+13,0R8MFqXKF9T7xY5ovtoJRXCC_3UIh701p8FhCE5YeUF,VGN V87有线/无线/蓝牙三模客制化机械键盘gasket结构全键热插拔游戏电竞办公键盘IP联名款 V87 动力银轴 星空,VGN官方旗舰店,1,0,0,同店,147.82,0.10%,90.00%,149,0.14,147.82,0.14,{"20240820":0.135},无线,否,推客,否,否,否,否,否,3003800870,游戏动力VGN,1002453015_4100359265_3003800870,Bilibili,4100359265,,0,否,否,0,0,,,0,否
2.9496E+11,0,已完成,2024/7/16 20:19,2024/7/19 17:56,1.00881E+13,57A7U45ShixNchJYwXDIEdEn_3jk91rIxLhnAZdWrCt,VGN V87有线/无线/蓝牙三模客制化机械键盘gasket结构全键热插拔游戏电竞办公键盘IP联名款 V87 草莓布丁轴 果冻橙,VGN官方旗舰店,1,0,0,同店,199,0.10%,90.00%,199,0.18,199,0.18,{"20240820":0.180},无线,否,推客,否,否,否,否,否,3003800870,游戏动力VGN,1002453015_4100359265_3003800870,Bilibili,4100359265,,0,否,否,0,0,,,0,否
2.98359E+11,0,已完成,2024/7/13 16:04,2024/7/19 8:57,1.00915E+13,E4AlxB6z7138SFmPnGkdyV7J_3PAqF4ngG7ZvwvgK1l,VGN V98PRO V2 三模有线/蓝牙/无线 客制化键盘 机械键盘 电竞游戏 办公家用 全键热插拔  gasket结构 V98Pro-V2 蓝莓冰淇淋轴 海盐,VGN官方旗舰店,1,0,0,同店,378.98,0.10%,90.00%,379,0.34,378.98,0.34,{"20240820":0.342},无线,否,推客,否,否,否,否,否,3003800870,游戏动力VGN,1002453015_4100359265_3003800870,Bilibili,4100359265,,0,否,否,0,0,,,0,否
2.95026E+11,0,已完成,2024/7/15 12:58,2024/7/18 12:08,1.01008E+13,XHV235rofKV1Zuc0mvlaIGbS_3HJs0HNKYfHc93NdAG,VGN V98PRO V2 三模有线/蓝牙/无线 客制化键盘 机械键盘 电竞游戏 办公家用 全键热插拔  gasket结构 V98Pro-V2 极地狐轴 极夜 侧刻,VGN官方旗舰店,1,0,0,同店,398.2,0.10%,90.00%,399,0.36,398.2,0.36,{"20240820":0.360},无线,否,推客,否,否,否,否,否,3003800870,游戏动力VGN,1002453015_4100359265_3003800870,Bilibili,4100359265,,0,否,否,0,0,,,0,否
2.98463E+11,0,已完成,2024/7/16 19:04,2024/7/18 11:58,1.00768E+13,VN26PIGxdqKBQd2comY5nZCD_3FGg4Cq3Od7bcyIuu0,VGN S99 三模连接 蓝牙/无线 客制化键盘 机械键盘 游戏电竞 办公 单键开槽 全键热插拔 gasket结构 S99 阿尼亚轴 远山蓝,VGN官方旗舰店,1,0,0,同店,289,3.00%,90.00%,289,7.8,289,7.8,{"20240820":7.803},无线,否,推客,否,否,否,否,否,3003800870,游戏动力VGN,1002453015_4100359265_3003800870,Bilibili,4100359265,,0,否,否,0,0,,,0,否
2.98407E+11,0,已完成,2024/7/16 18:00,2024/7/18 9:59,1.00768E+13,VN26PIGxdqKBQ5ATzmY5hytI_3FGg4Cq3Od7bcyIuu0,VGN S99 三模连接 蓝牙/无线 客制化键盘 机械键盘 游戏电竞 办公 单键开槽 全键热插拔 gasket结构 S99 阿尼亚轴 远山蓝,VGN官方旗舰店,1,0,0,同店,279.32,3.00%,90.00%,281,7.59,279.32,7.54,{"20240820":7.542},无线,否,推客,否,否,否,否,否,3003800870,游戏动力VGN,1002453015_4100359265_3003800870,Bilibili,4100359265,,0,否,否,0,0,,,0,否
2.98356E+11,0,已完成,2024/7/13 15:07,2024/7/16 11:53,1.00915E+13,ZFJIYIMbZTl37e8UA6pPNBYz_3NM15ba2UZ4rLUX8xx,VGN V98PRO V2 三模有线/蓝牙/无线 客制化键盘 机械键盘 电竞游戏 办公家用 全键热插拔  gasket结构 V98Pro-V2 蓝莓冰淇淋轴 黑加仑,VGN官方旗舰店,1,0,0,同店,379,0.10%,90.00%,379,0.34,379,0.34,{"20240820":0.342},无线,否,推客,否,否,否,否,否,3003800870,游戏动力VGN,1002453015_4100359265_3003800870,Bilibili,4100359265,,0,否,否,0,0,,,0,否
2.95016E+11,0,已完成,2024/7/13 14:57,2024/7/16 11:53,1.00886E+13,IPLEXaSBQxmcsTCNsKBWfl79_340no70glQUNLm4KPH,VGN V87有线/无线/蓝牙三模客制化机械键盘gasket结构全键热插拔游戏电竞办公键盘IP联名款 V87 动力银轴 微光 雾透侧刻,VGN官方旗舰店,1,0,0,同店,197.83,0.10%,90.00%,199,0.18,197.83,0.18,{"20240820":0.180},无线,否,推客,否,否,否,否,否,3003800870,游戏动力VGN,1002453015_4100359265_3003800870,Bilibili,4100359265,,0,否,否,0,0,,,0,否
2.95019E+11,2.98285E+11,已完成,2024/7/13 14:31,2024/7/16 11:07,1.00915E+13,vjRpAOUEg7oA4GXjOQKsU1GD_373Z9LZoVgkTlrSTtw,VGN V98PRO V2 三模有线/蓝牙/无线 客制化键盘 机械键盘 电竞游戏 办公家用 全键热插拔  gasket结构 V98Pro-V2 冰淇淋轴Pro 海盐,VGN官方旗舰店,1,0,0,同店,378.98,0.10%,90.00%,379,0.34,378.98,0.34,{"20240820":0.342},无线,否,推客,否,否,否,否,否,3003800870,游戏动力VGN,1002453015_4100359265_3003800870,Bilibili,4100359265,,0,否,否,0,0,,,0,否
2.98275E+11,0,已完成,2024/7/11 11:42,2024/7/16 11:05,1.0107E+13,daMwkVNtDNh4jv7n814fKf8n_3ioM2Cp7uDT5L90lDY,VGN A75 有线单模 电竞磁轴键盘 客制化 全键热插拔 gasket结构  电竞游戏 A75-磁轴-蓝色渐变侧刻,VGN官方旗舰店,1,0,0,同店,179,0.10%,90.00%,249,0.23,179,0.16,{"20240820":0.162},无线,否,推客,否,否,否,否,否,3003800870,游戏动力VGN,1002453015_4100359265_3003800870,Bilibili,4100359265,,0,否,否,0,0,,,0,否
2.98318E+11,0,已完成,2024/7/12 14:09,2024/7/16 9:11,1.01044E+13,daMwkVNtDNh4j13Ur14fsPTw_3ioM2Cp7uDT54kI2YY,VGN S99PRO有线/无线/蓝牙三模客制化机械键盘gasket结构全键热插拔游戏电竞铝坨坨全铝合金外壳 S99PRO 青海湖轴 破晓,VGN官方旗舰店,1,0,0,同店,419,0.10%,90.00%,419,0.38,419,0.38,{"20240820":0.378},无线,否,推客,否,否,否,否,否,3003800870,游戏动力VGN,1002453015_4100359265_3003800870,Bilibili,4100359265,,0,否,否,0,0,,,0,否
2.9503E+11,0,已完成,2024/7/14 1:50,2024/7/15 22:09,1.00915E+13,E4AlxB6z7138SFFW0Gkdylcf_3PAqF4ngG7ZvwvgK1l,VGN V98PRO V2 三模有线/蓝牙/无线 客制化键盘 机械键盘 电竞游戏 办公家用 全键热插拔  gasket结构 V98Pro-V2 蓝莓冰淇淋轴 海盐,VGN官方旗舰店,1,0,0,同店,377.98,0.10%,90.00%,379,0.34,377.98,0.34,{"20240820":0.342},无线,是,推客,否,否,否,否,否,3003800870,游戏动力VGN,1002453015_4100359265_3003800870,Bilibili,4100359265,,0,否,否,0,0,,,0,否
2.98352E+11,0,已完成,2024/7/13 12:46,2024/7/15 19:03,1.0107E+13,3nW3qMcM3Uw5jbhnHPz7PVqR_3cvPzVofY3sKDTNwkT,VGN A75 有线单模 电竞磁轴键盘 客制化 全键热插拔 gasket结构  电竞游戏 A75-磁轴-白,VGN官方旗舰店,1,0,0,同店,188,0.10%,90.00%,189,0.17,188,0.17,{"20240820":0.171},无线,否,推客,否,否,否,否,否,3003800870,游戏动力VGN,1002453015_4100359265_3003800870,Bilibili,4100359265,,0,否,否,0,0,,,0,否
2.95018E+11,0,已完成,2024/7/13 16:14,2024/7/15 16:59,1.00915E+13,fsX4Wbm0jgASPn4GzeNFQzZj_3uiINmQ29jdz4g9lQa,VGN V98PRO V2 三模有线/蓝牙/无线 客制化键盘 机械键盘 电竞游戏 办公家用 全键热插拔  gasket结构 V98Pro-V2 极地狐轴 限定款,VGN官方旗舰店,1,0,0,同店,408.98,0.10%,90.00%,409,0.37,408.98,0.37,{"20240820":0.369},无线,否,推客,否,否,否,否,否,3003800870,游戏动力VGN,1002453015_4100359265_3003800870,Bilibili,4100359265,,0,否,否,0,0,,,0,否
2.94953E+11,0,已完成,2024/7/12 23:11,2024/7/15 14:23,1.00768E+13,751e2jYv4HkwuFTSfMvommV3_3vbTdJ0Ny4wBWc9CdN,VGN S99 三模连接 蓝牙/无线 客制化键盘 机械键盘 游戏电竞 办公 单键开槽 全键热插拔 gasket结构 S99 极光冰淇淋轴 鎏金黑,VGN官方旗舰店,1,0,0,同店,437.68,3.00%,90.00%,439,11.85,437.68,11.82,{"20240820":11.817},无线,是,推客,否,否,否,否,否,3003800870,游戏动力VGN,1002453015_4100359265_3003800870,Bilibili,4100359265,,0,否,否,0,0,,,0,否
2.98315E+11,0,已完成,2024/7/12 19:16,2024/7/15 10:53,1.00915E+13,fsX4Wbm0jgASPGapFeNFgCdG_3uiINmQ29jdz4g9lQa,VGN V98PRO V2 三模有线/蓝牙/无线 客制化键盘 机械键盘 电竞游戏 办公家用 全键热插拔  gasket结构 V98Pro-V2 极地狐轴 限定款,VGN官方旗舰店,1,0,0,同店,408.98,0.10%,90.00%,409,0.37,408.98,0.37,{"20240820":0.369},无线,否,推客,否,否,否,否,否,3003800870,游戏动力VGN,1002453015_4100359265_3003800870,Bilibili,4100359265,,0,否,否,0,0,,,0,否
2.94796E+11,0,已完成,2024/7/10 11:48,2024/7/15 10:41,1.0107E+13,82IB5rgXTYjXi6vCQNSXA7KN_3klNtUoe4T0LXMdSGa,VGN A75 有线单模 电竞磁轴键盘 客制化 全键热插拔 gasket结构  电竞游戏 A75-磁轴-黑-灰色渐变侧刻,VGN官方旗舰店,1,0,0,同店,243.3,0.10%,90.00%,249,0.23,248.3,0.23,{"20240820":0.225},无线,是,推客,否,否,否,否,否,3003800870,游戏动力VGN,1002453015_4100359265_3003800870,Bilibili,4100359265,,0,否,否,0,0,,,0,否
2.98176E+11,0,已完成,2024/7/10 12:55,2024/7/14 11:36,1.0107E+13,82IB5rgXTYjXinlhBNSXYmr1_3klNtUoe4T0LXMdSGa,VGN A75 有线单模 电竞磁轴键盘 客制化 全键热插拔 gasket结构  电竞游戏 A75-磁轴-黑-灰色渐变侧刻,VGN官方旗舰店,1,0,0,同店,248.98,0.10%,90.00%,249,0.23,248.98,0.23,{"20240820":0.225},无线,否,推客,否,否,否,否,否,3003800870,游戏动力VGN,1002453015_4100359265_3003800870,Bilibili,4100359265,,0,否,否,0,0,,,0,否
2.9823E+11,0,已完成,2024/7/11 22:41,2024/7/14 11:31,1.00881E+13,UOWEnlI8WFYYAp4Qoy3wosX4_309lpmCZGWougWz3qF,VGN V87有线/无线/蓝牙三模客制化机械键盘gasket结构全键热插拔游戏电竞办公键盘IP联名款 V87PRO 阿尼亚轴 狄安娜,VGN官方旗舰店,1,0,0,同店,298.2,0.10%,90.00%,299,0.27,298.2,0.27,{"20240820":0.270},无线,是,推客,否,否,否,否,否,3003800870,游戏动力VGN,1002453015_4100359265_3003800870,Bilibili,4100359265,,0,否,否,0,0,,,0,否
2.94929E+11,0,已完成,2024/7/11 13:38,2024/7/14 10:11,1.0107E+13,3nW3qMcM3Uw5jYPxTPz7zndN_3cvPzVofY3sKDTNwkT,VGN A75 有线单模 电竞磁轴键盘 客制化 全键热插拔 gasket结构  电竞游戏 A75-磁轴-白,VGN官方旗舰店,1,0,0,同店,188.97,0.10%,90.00%,189,0.17,188.97,0.17,{"20240820":0.171},无线,否,推客,否,否,否,否,否,3003800870,游戏动力VGN,1002453015_4100359265_3003800870,Bilibili,4100359265,,0,否,否,0,0,,,0,否
2.98222E+11,0,已完成,2024/7/11 17:27,2024/7/14 10:01,1.0107E+13,3nW3qMcM3Uw5jYPxTPz7zndN_3cvPzVofY3sKDTNwkT,VGN A75 有线单模 电竞磁轴键盘 客制化 全键热插拔 gasket结构  电竞游戏 A75-磁轴-白,VGN官方旗舰店,1,0,0,同店,189,0.10%,90.00%,189,0.17,189,0.17,{"20240820":0.171},无线,否,推客,否,否,否,否,否,3003800870,游戏动力VGN,1002453015_4100359265_3003800870,Bilibili,4100359265,,0,否,否,0,0,,,0,否
2.98241E+11,0,已完成,2024/7/10 13:55,2024/7/14 9:46,1.00915E+13,YSr8XU4lBV5xXRZwIZ8jUxTd_391fbKppKB1HikwCB5,VGN V98PRO V2 三模有线/蓝牙/无线 客制化键盘 机械键盘 电竞游戏 办公家用 全键热插拔  gasket结构 V98Pro-V2 水晶酒红轴 黑加仑,VGN官方旗舰店,1,0,0,同店,279,0.10%,70.00%,279,0.2,279,0.2,{"20240820":0.196},无线,否,推客,否,否,否,否,否,3003800870,游戏动力VGN,1002453015_4100359265_3003800870,Bilibili,4100359265,,0,否,否,0,0,,,0,否
2.98263E+11,0,已完成,2024/7/11 12:28,2024/7/13 17:36,1.0107E+13,R0kllXBPHCS3N5y2ArF2PQSr_3OPK6QmoqHEtShFhFL,VGN A75 有线单模 电竞磁轴键盘 客制化 全键热插拔 gasket结构  电竞游戏 A75-磁轴-黑,VGN官方旗舰店,1,0,0,同店,188.34,0.10%,90.00%,189,0.17,188.34,0.17,{"20240820":0.171},无线,否,推客,否,否,否,否,否,3003800870,游戏动力VGN,1002453015_4100359265_3003800870,Bilibili,4100359265,,0,否,否,0,0,,,0,否
2.98104E+11,0,已完成,2024/7/8 14:59,2024/7/13 16:44,1.00881E+13,0R8MFqXKF9T7xLVCDtoJXmo6_3UIh701p8FhCE5YeUF,VGN V87有线/无线/蓝牙三模客制化机械键盘gasket结构全键热插拔游戏电竞办公键盘IP联名款 V87 动力银轴 星空,VGN官方旗舰店,1,0,0,同店,148.58,0.10%,90.00%,149,0.14,148.58,0.14,{"20240820":0.135},无线,是,推客,否,否,否,否,否,3003800870,游戏动力VGN,1002453015_4100359265_3003800870,Bilibili,4100359265,,0,否,否,0,0,,,0,否
2.94834E+11,0,已完成,2024/7/8 11:46,2024/7/13 15:41,1.0107E+13,82IB5rgXTYjXin76tNSXYvG2_3klNtUoe4T0LXMdSGa,VGN A75 有线单模 电竞磁轴键盘 客制化 全键热插拔 gasket结构  电竞游戏 A75-磁轴-黑-灰色渐变侧刻,VGN官方旗舰店,1,0,0,同店,246.77,0.10%,90.00%,249,0.23,246.77,0.23,{"20240820":0.225},无线,是,推客,否,否,否,否,否,3003800870,游戏动力VGN,1002453015_4100359265_3003800870,Bilibili,4100359265,,0,否,否,0,0,,,0,否
2.9478E+11,0,已完成,2024/7/9 18:37,2024/7/13 13:56,1.00881E+13,0R8MFqXKF9T7xLZVvtoJXxsC_3UIh701p8FhCE5YeUF,VGN V87有线/无线/蓝牙三模客制化机械键盘gasket结构全键热插拔游戏电竞办公键盘IP联名款 V87 动力银轴 星空,VGN官方旗舰店,1,0,0,同店,149,0.10%,90.00%,149,0.14,149,0.14,{"20240820":0.135},无线,否,推客,否,否,否,否,否,3003800870,游戏动力VGN,1002453015_4100359265_3003800870,Bilibili,4100359265,,0,否,否,0,0,,,0,否
2.98241E+11,0,已完成,2024/7/10 14:08,2024/7/13 11:39,1.00881E+13,UOWEnlI8WFYYAp9e1y3wop3s_309lpmCZGWougWz3qF,VGN V87有线/无线/蓝牙三模客制化机械键盘gasket结构全键热插拔游戏电竞办公键盘IP联名款 V87PRO 阿尼亚轴 狄安娜,VGN官方旗舰店,1,0,0,同店,299,0.10%,90.00%,299,0.27,299,0.27,{"20240820":0.270},无线,否,推客,否,否,否,否,否,3003800870,游戏动力VGN,1002453015_4100359265_3003800870,Bilibili,4100359265,,0,否,否,0,0,,,0,否
2.97937E+11,0,已完成,2024/7/2 11:30,2024/7/13 11:06,1.00695E+13,E4AlxB6z7138SF5yYGkdyXKy_3PAqF4ngG7ZvtcyJWl,VGN 蜻蜓F1MOBA 有线/无线双模鼠标 游戏电竞 家用办公 长续航 PAW3395 轻量化设计 人体工学 蜻蜓F1ProMax（黑色）,VGN官方旗舰店,1,0,0,同店,239,0.10%,90.00%,239,0.22,239,0.22,{"20240820":0.216},无线,否,推客,否,否,否,否,否,3003800870,游戏动力VGN,1002453015_4100359265_3003800870,Bilibili,4100359265,,0,否,否,0,0,,,0,否
2.94912E+11,0,已完成,2024/7/10 11:11,2024/7/13 10:51,1.0107E+13,3nW3qMcM3Uw5jbFVuPz7Pt9l_3cvPzVofY3sKDTNwkT,VGN A75 有线单模 电竞磁轴键盘 客制化 全键热插拔 gasket结构  电竞游戏 A75-磁轴-白,VGN官方旗舰店,1,0,0,同店,188.98,0.10%,90.00%,189,0.17,188.98,0.17,{"20240820":0.171},无线,否,推客,否,否,否,否,否,3003800870,游戏动力VGN,1002453015_4100359265_3003800870,Bilibili,4100359265,,0,否,否,0,0,,,0,否
2.98245E+11,0,已完成,2024/7/10 20:37,2024/7/13 9:34,1.01044E+13,daMwkVNtDNh4jvCqv14fKaex_3ioM2Cp7uDT54kI2YY,VGN S99PRO有线/无线/蓝牙三模客制化机械键盘gasket结构全键热插拔游戏电竞铝坨坨全铝合金外壳 S99PRO 青海湖轴 破晓,VGN官方旗舰店,1,0,0,同店,418.99,0.10%,90.00%,419,0.38,418.99,0.38,{"20240820":0.378},无线,否,推客,否,否,否,否,否,3003800870,游戏动力VGN,1002453015_4100359265_3003800870,Bilibili,4100359265,,0,否,否,0,0,,,0,否
2.98085E+11,0,已完成,2024/7/6 14:36,2024/7/12 20:46,1.0107E+13,daMwkVNtDNh4jv75a14fKfmo_3ioM2Cp7uDT5L90lDY,VGN A75 有线单模 电竞磁轴键盘 客制化 全键热插拔 gasket结构  电竞游戏 A75-磁轴-蓝色渐变侧刻,VGN官方旗舰店,1,0,0,同店,248.3,0.10%,90.00%,249,0.23,248.3,0.23,{"20240820":0.225},无线,是,推客,否,否,否,否,否,3003800870,游戏动力VGN,1002453015_4100359265_3003800870,Bilibili,4100359265,,0,否,否,0,0,,,0,否
2.97963E+11,0,已完成,2024/7/2 23:52,2024/7/12 17:54,1.00768E+13,E4AlxB6z7138SFdpSGkdySCr_3PAqF4ngG7Zv0mzsCl,VGN S99 三模连接 蓝牙/无线 客制化键盘 机械键盘 游戏电竞 办公 单键开槽 全键热插拔 gasket结构 S99 极光冰淇淋轴 斑斓绿,VGN官方旗舰店,1,0,0,同店,386.63,0.10%,70.00%,389,0.27,386.63,0.27,{"20240820":0.273},无线,是,推客,否,否,否,否,否,3003800870,游戏动力VGN,1002453015_4100359265_3003800870,Bilibili,4100359265,,0,否,否,0,0,,,0,否
2.94884E+11,2.98236E+11,已完成,2024/7/10 10:38,2024/7/12 15:28,1.00735E+13,3nW3qMcM3Uw5jbj7LPz7PWy9_3cvPzVofY3sKR4HdqT,VGN N75有线/无线/蓝牙三模客制化机械键盘gasket结构全键热插拔游戏电竞办公键盘 单模N75 动力紫轴 果冻橙,VGN官方旗舰店,1,0,0,同店,136.65,0.10%,90.00%,136.65,0.13,136.65,0.13,{"20240820":0.126},无线,否,推客,否,否,否,否,否,3003800870,游戏动力VGN,1002453015_4100359265_3003800870,Bilibili,4100359265,,0,否,否,0,0,,,0,否
2.98143E+11,0,已完成,2024/7/7 21:19,2024/7/12 15:10,1.00881E+13,0R8MFqXKF9T7xLeYFtoJX0n3_3UIh701p8FhCE5YeUF,VGN V87有线/无线/蓝牙三模客制化机械键盘gasket结构全键热插拔游戏电竞办公键盘IP联名款 V87 动力银轴 星空,VGN官方旗舰店,1,0,0,同店,149,0.10%,90.00%,149,0.14,149,0.14,{"20240820":0.135},无线,否,推客,否,否,否,否,否,3003800870,游戏动力VGN,1002453015_4100359265_3003800870,Bilibili,4100359265,,0,否,否,0,0,,,0,否
2.98226E+11,2.94931E+11,已完成,2024/7/10 0:39,2024/7/12 11:48,1.0107E+13,3nW3qMcM3Uw5jY0JiPz7zxOz_3cvPzVofY3sKDTNwkT,VGN A75 有线单模 电竞磁轴键盘 客制化 全键热插拔 gasket结构  电竞游戏 A75-磁轴-白,VGN官方旗舰店,1,0,0,同店,173.64,0.10%,90.00%,173.65,0.15,173.64,0.15,{"20240820":0.153},无线,否,推客,否,否,否,否,否,3003800870,游戏动力VGN,1002453015_4100359265_3003800870,Bilibili,4100359265,,0,否,否,0,0,,,0,否
2.9814E+11,0,已完成,2024/7/9 13:37,2024/7/12 11:22,1.0107E+13,3nW3qMcM3Uw5jY0JiPz7zxOz_3cvPzVofY3sKDTNwkT,VGN A75 有线单模 电竞磁轴键盘 客制化 全键热插拔 gasket结构  电竞游戏 A75-磁轴-白,VGN官方旗舰店,1,0,0,同店,189,0.10%,90.00%,189,0.17,189,0.17,{"20240820":0.171},无线,否,推客,否,否,否,否,否,3003800870,游戏动力VGN,1002453015_4100359265_3003800870,Bilibili,4100359265,,0,否,否,0,0,,,0,否
2.98166E+11,0,已完成,2024/7/8 13:16,2024/7/12 9:39,1.0107E+13,daMwkVNtDNh4jv7hE14fKffQ_3ioM2Cp7uDT5L90lDY,VGN A75 有线单模 电竞磁轴键盘 客制化 全键热插拔 gasket结构  电竞游戏 A75-磁轴-蓝色渐变侧刻,VGN官方旗舰店,1,0,0,同店,249,0.10%,90.00%,249,0.23,249,0.23,{"20240820":0.225},无线,否,推客,否,否,否,否,否,3003800870,游戏动力VGN,1002453015_4100359265_3003800870,Bilibili,4100359265,,0,否,否,0,0,,,0,否
2.94858E+11,0,已完成,2024/7/7 20:16,2024/7/12 7:57,1.00741E+13,ATTZPSE3XL65C3p0sHG8K9pS_3WEwxutg5X5FvVR8wB,VGN N75有线/无线/蓝牙三模客制化机械键盘gasket结构全键热插拔游戏电竞办公键盘 单模N75 动力银轴 白色,VGN官方旗舰店,1,0,0,同店,118.95,0.10%,90.00%,119,0.11,118.95,0.11,{"20240820":0.108},无线,否,推客,否,否,否,否,否,3003800870,游戏动力VGN,1002453015_4100359265_3003800870,Bilibili,4100359265,,0,否,否,0,0,,,0,否
2.98168E+11,0,已完成,2024/7/8 15:08,2024/7/11 14:35,1.00884E+13,6vVW1HYJKf6Pgstwv7F2pTNY_sweEZ06xs7zbVVWLvE,VGN V87有线/无线/蓝牙三模客制化机械键盘gasket结构全键热插拔游戏电竞办公键盘IP联名款 V87PRO  阿尼亚轴 微光 雾透侧刻,VGN官方旗舰店,1,0,0,同店,249,0.10%,90.00%,249,0.23,249,0.23,{"20240820":0.225},无线,否,推客,否,否,否,否,否,3003800870,游戏动力VGN,1002453015_4100359265_3003800870,Bilibili,4100359265,,0,否,否,0,0,,,0,否
2.98025E+11,0,已完成,2024/7/6 12:12,2024/7/11 11:43,1.00915E+13,E4AlxB6z7138SjVqUGkdQmDu_3PAqF4ngG7ZvwvgK1l,VGN V98PRO V2 三模有线/蓝牙/无线 客制化键盘 机械键盘 电竞游戏 办公家用 全键热插拔  gasket结构 V98Pro-V2 蓝莓冰淇淋轴 海盐,VGN官方旗舰店,1,0,0,同店,377.97,0.10%,90.00%,379,0.34,377.97,0.34,{"20240820":0.342},无线,是,推客,否,否,否,否,否,3003800870,游戏动力VGN,1002453015_4100359265_3003800870,Bilibili,4100359265,,0,否,否,0,0,,,0,否
2.98131E+11,0,已完成,2024/7/9 11:21,2024/7/11 11:14,1.0107E+13,3nW3qMcM3Uw5jYBkYPz7zgpM_3cvPzVofY3sKDTNwkT,VGN A75 有线单模 电竞磁轴键盘 客制化 全键热插拔 gasket结构  电竞游戏 A75-磁轴-白,VGN官方旗舰店,1,0,0,同店,189,0.10%,90.00%,189,0.17,189,0.17,{"20240820":0.171},无线,否,推客,否,否,否,否,否,3003800870,游戏动力VGN,1002453015_4100359265_3003800870,Bilibili,4100359265,,0,否,否,0,0,,,0,否
2.9489E+11,0,已完成,2024/7/8 12:59,2024/7/10 14:52,1.00915E+13,fsX4Wbm0jgASPnfPzeNFQSTj_3uiINmQ29jdz4g9lQa,VGN V98PRO V2 三模有线/蓝牙/无线 客制化键盘 机械键盘 电竞游戏 办公家用 全键热插拔  gasket结构 V98Pro-V2 极地狐轴 限定款,VGN官方旗舰店,1,0,0,同店,409,0.10%,90.00%,409,0.37,409,0.37,{"20240820":0.369},无线,否,推客,否,否,否,否,否,3003800870,游戏动力VGN,1002453015_4100359265_3003800870,Bilibili,4100359265,,0,否,否,0,0,,,0,否
2.9801E+11,0,已完成,2024/7/6 0:55,2024/7/10 12:21,1.00881E+13,3nW3qMcM3Uw5jYV79Pz7zhyL_3cvPzVofY3sKf4Fe2T,VGN V87有线/无线/蓝牙三模客制化机械键盘gasket结构全键热插拔游戏电竞办公键盘IP联名款 V87 动力银轴 果冻橙,VGN官方旗舰店,1,0,0,同店,163.58,0.10%,90.00%,149,0.14,148.58,0.14,{"20240820":0.135},无线,是,推客,否,否,否,否,否,3003800870,游戏动力VGN,1002453015_4100359265_3003800870,Bilibili,4100359265,,0,否,否,0,0,,,0,否
2.98099E+11,0,已完成,2024/7/6 18:32,2024/7/10 11:21,1.00881E+13,czqr8AtYshCAiyPa0ct1nbbV_336URiMmGsFSVFbJWa,VGN V87有线/无线/蓝牙三模客制化机械键盘gasket结构全键热插拔游戏电竞办公键盘IP联名款 V87 动力银轴 加勒比海,VGN官方旗舰店,1,0,0,同店,147.05,0.10%,90.00%,149,0.14,147.05,0.14,{"20240820":0.135},无线,是,推客,否,否,否,否,否,3003800870,游戏动力VGN,1002453015_4100359265_3003800870,Bilibili,4100359265,,0,否,否,0,0,,,0,否
2.98085E+11,0,已完成,2024/7/6 9:44,2024/7/10 10:33,1.0107E+13,3nW3qMcM3Uw5jbWSDPz7PjZQ_3cvPzVofY3sKDTNwkT,VGN A75 有线单模 电竞磁轴键盘 客制化 全键热插拔 gasket结构  电竞游戏 A75-磁轴-白,VGN官方旗舰店,1,0,0,同店,189,0.10%,90.00%,189,0.17,189,0.17,{"20240820":0.171},无线,否,推客,否,否,否,否,否,3003800870,游戏动力VGN,1002453015_4100359265_3003800870,Bilibili,4100359265,,0,否,否,0,0,,,0,否
2.98202E+11,0,已完成,2024/7/9 13:01,2024/7/10 10:01,1.0107E+13,3nW3qMcM3Uw5jbWSDPz7PjZQ_3cvPzVofY3sKDTNwkT,VGN A75 有线单模 电竞磁轴键盘 客制化 全键热插拔 gasket结构  电竞游戏 A75-磁轴-白,VGN官方旗舰店,1,0,0,同店,189,0.10%,90.00%,189,0.17,189,0.17,{"20240820":0.171},无线,否,推客,否,否,否,否,否,3003800870,游戏动力VGN,1002453015_4100359265_3003800870,Bilibili,4100359265,,0,否,否,0,0,,,0,否
2.98194E+11,2.94865E+11,已完成,2024/7/9 12:56,2024/7/10 8:34,1.0107E+13,R0kllXBPHCS3N5sX6rF2PUsz_3OPK6QmoqHEtShFhFL,VGN A75 有线单模 电竞磁轴键盘 客制化 全键热插拔 gasket结构  电竞游戏 A75-磁轴-黑,VGN官方旗舰店,1,0,0,同店,189,0.10%,90.00%,189,0.17,189,0.17,{"20240820":0.171},无线,否,推客,否,否,否,否,否,3003800870,游戏动力VGN,1002453015_4100359265_3003800870,Bilibili,4100359265,,0,否,否,0,0,,,0,否
2.98098E+11,0,已完成,2024/7/8 11:58,2024/7/10 8:27,1.0107E+13,R0kllXBPHCS3N5sX6rF2PUsz_3OPK6QmoqHEtShFhFL,VGN A75 有线单模 电竞磁轴键盘 客制化 全键热插拔 gasket结构  电竞游戏 A75-磁轴-黑,VGN官方旗舰店,1,0,0,同店,187.88,0.10%,90.00%,189,0.17,187.88,0.17,{"20240820":0.171},无线,否,推客,否,否,否,否,否,3003800870,游戏动力VGN,1002453015_4100359265_3003800870,Bilibili,4100359265,,0,否,否,0,0,,,0,否
2.94801E+11,0,已完成,2024/7/5 21:23,2024/7/9 13:47,1.00915E+13,fsX4Wbm0jgASPn4ZDeNFQzGH_3uiINmQ29jdz4g9lQa,VGN V98PRO V2 三模有线/蓝牙/无线 客制化键盘 机械键盘 电竞游戏 办公家用 全键热插拔  gasket结构 V98Pro-V2 极地狐轴 限定款,VGN官方旗舰店,1,0,0,同店,405.83,0.10%,90.00%,409,0.37,405.83,0.37,{"20240820":0.369},无线,是,推客,否,否,否,否,否,3003800870,游戏动力VGN,1002453015_4100359265_3003800870,Bilibili,4100359265,,0,否,否,0,0,,,0,否
2.98113E+11,0,已完成,2024/7/7 0:51,2024/7/9 9:28,1.0107E+13,3nW3qMcM3Uw5jbjkWPz7PWpF_3cvPzVofY3sKDTNwkT,VGN A75 有线单模 电竞磁轴键盘 客制化 全键热插拔 gasket结构  电竞游戏 A75-磁轴-白,VGN官方旗舰店,1,0,0,同店,189,0.10%,90.00%,189,0.17,189,0.17,{"20240820":0.171},无线,否,推客,否,否,否,否,否,3003800870,游戏动力VGN,1002453015_4100359265_3003800870,Bilibili,4100359265,,0,否,否,0,0,,,0,否
2.97908E+11,0,已完成,2024/7/3 11:24,2024/7/8 17:35,1.0107E+13,R0kllXBPHCS3N5kpjrF2PDVM_3OPK6QmoqHEtShFhFL,VGN A75 有线单模 电竞磁轴键盘 客制化 全键热插拔 gasket结构  电竞游戏 A75-磁轴-黑,VGN官方旗舰店,1,0,0,同店,189,0.10%,90.00%,189,0.17,189,0.17,{"20240820":0.171},无线,否,推客,否,否,否,否,否,3003800870,游戏动力VGN,1002453015_4100359265_3003800870,Bilibili,4100359265,,0,否,否,0,0,,,0,否
2.94751E+11,2.94764E+11,已完成,2024/7/3 12:22,2024/7/8 17:05,1.0107E+13,R0kllXBPHCS3N5kpjrF2PDVM_3OPK6QmoqHEtShFhFL,VGN A75 有线单模 电竞磁轴键盘 客制化 全键热插拔 gasket结构  电竞游戏 A75-磁轴-黑,VGN官方旗舰店,1,0,0,同店,188.45,0.10%,90.00%,189,0.17,188.45,0.17,{"20240820":0.171},无线,是,推客,否,否,否,否,否,3003800870,游戏动力VGN,1002453015_4100359265_3003800870,Bilibili,4100359265,,0,否,否,0,0,,,0,否
2.98083E+11,0,已完成,2024/7/6 10:17,2024/7/8 16:55,1.00768E+13,751e2jYv4HkwuF60yMvomAJv_3vbTdJ0Ny4wBWc9CdN,VGN S99 三模连接 蓝牙/无线 客制化键盘 机械键盘 游戏电竞 办公 单键开槽 全键热插拔 gasket结构 S99 极光冰淇淋轴 鎏金黑,VGN官方旗舰店,1,0,0,同店,436.15,3.00%,90.00%,439,11.85,436.15,11.77,{"20240820":11.772},无线,是,推客,否,否,否,否,否,3003800870,游戏动力VGN,1002453015_4100359265_3003800870,Bilibili,4100359265,,0,否,否,0,0,,,0,否
2.98025E+11,0,已完成,2024/7/4 18:16,2024/7/8 15:31,1.0107E+13,3nW3qMcM3Uw5jYLjpPz7zro7_3cvPzVofY3sKDTNwkT,VGN A75 有线单模 电竞磁轴键盘 客制化 全键热插拔 gasket结构  电竞游戏 A75-磁轴-白,VGN官方旗舰店,1,0,0,同店,187.88,0.10%,90.00%,189,0.17,187.88,0.17,{"20240820":0.171},无线,否,推客,否,否,否,否,否,3003800870,游戏动力VGN,1002453015_4100359265_3003800870,Bilibili,4100359265,,0,否,否,0,0,,,0,否
2.94789E+11,0,已完成,2024/7/5 12:25,2024/7/8 12:17,1.00914E+13,jvZ5IlWmuWOSY6fdoqrnCDOT_3525UfSyCuO6VTn8BH,VGN VXE海妖V1蓝牙5.3/2.4G双模轻量化设计头戴式耳机带麦电竞游戏吃鸡电脑网课办公耳麦 VGN海妖V1黑色,VGN官方旗舰店,1,0,0,同店,98.98,0.10%,90.00%,99,0.09,98.98,0.09,{"20240820":0.090},无线,否,推客,否,否,否,否,否,3003800870,游戏动力VGN,1002453015_4100359265_3003800870,Bilibili,4100359265,,0,否,否,0,0,,,0,否
2.94675E+11,0,已完成,2024/7/5 12:22,2024/7/8 12:17,1.0107E+13,3nW3qMcM3Uw5jbWIBPz7PjHS_3cvPzVofY3sKDTNwkT,VGN A75 有线单模 电竞磁轴键盘 客制化 全键热插拔 gasket结构  电竞游戏 A75-磁轴-白,VGN官方旗舰店,1,0,0,同店,182.82,0.10%,90.00%,184,0.16,182.82,0.16,{"20240820":0.162},无线,否,推客,否,否,否,否,否,3003800870,游戏动力VGN,1002453015_4100359265_3003800870,Bilibili,4100359265,,0,否,否,0,0,,,0,否
2.98002E+11,0,已完成,2024/7/5 19:27,2024/7/8 11:44,1.00915E+13,VN26PIGxdqKBQdkwSmY5nVPb_3FGg4Cq3Od7bSLgpX0,VGN V98PRO V2 三模有线/蓝牙/无线 客制化键盘 机械键盘 电竞游戏 办公家用 全键热插拔  gasket结构 V98Pro-V2知秋轴 枫糖 限定款,VGN官方旗舰店,1,0,0,同店,373,0.10%,90.00%,379,0.34,373,0.33,{"20240820":0.333},无线,否,推客,否,否,否,否,否,3003800870,游戏动力VGN,1002453015_4100359265_3003800870,Bilibili,4100359265,,0,否,否,0,0,,,0,否
2.98007E+11,0,已完成,2024/7/5 22:53,2024/7/8 10:35,1.0107E+13,R0kllXBPHCS3NrqmVrF2K0Ub_3OPK6QmoqHEtShFhFL,VGN A75 有线单模 电竞磁轴键盘 客制化 全键热插拔 gasket结构  电竞游戏 A75-磁轴-黑,VGN官方旗舰店,1,0,0,同店,189,0.10%,90.00%,189,0.17,189,0.17,{"20240820":0.171},无线,否,推客,否,否,否,否,否,3003800870,游戏动力VGN,1002453015_4100359265_3003800870,Bilibili,4100359265,,0,否,否,0,0,,,0,否
2.97886E+11,0,已完成,2024/7/2 18:41,2024/7/8 10:27,1.00915E+13,NVJuN4Z2rfFrEgN5y7dhmsYZ_3ZXBSIbyArBf9lWBAp,VGN V98PRO V2 三模有线/蓝牙/无线 客制化键盘 机械键盘 电竞游戏 办公家用 全键热插拔  gasket结构 V98Pro-V2 水晶酒红轴 海盐,VGN官方旗舰店,1,0,0,同店,279,0.10%,90.00%,279,0.25,279,0.25,{"20240820":0.252},无线,否,推客,否,否,否,否,否,3003800870,游戏动力VGN,1002453015_4100359265_3003800870,Bilibili,4100359265,,0,否,否,0,0,,,0,否
2.98116E+11,0,已完成,2024/7/7 12:59,2024/7/8 10:23,1.00881E+13,57A7U45ShixNchmJjXDIElBp_3jk91rIxLhnAZdWrCt,VGN V87有线/无线/蓝牙三模客制化机械键盘gasket结构全键热插拔游戏电竞办公键盘IP联名款 V87 草莓布丁轴 果冻橙,VGN官方旗舰店,1,0,0,同店,199,0.10%,90.00%,199,0.18,199,0.18,{"20240820":0.180},无线,否,推客,否,否,否,否,否,3003800870,游戏动力VGN,1002453015_4100359265_3003800870,Bilibili,4100359265,,0,否,否,0,0,,,0,否
2.94739E+11,0,已完成,2024/7/3 12:24,2024/7/8 10:01,1.00881E+13,0R8MFqXKF9T7xL3qVtoJXMFc_3UIh701p8FhCE5YeUF,VGN V87有线/无线/蓝牙三模客制化机械键盘gasket结构全键热插拔游戏电竞办公键盘IP联名款 V87 动力银轴 星空,VGN官方旗舰店,1,0,0,同店,147.88,0.10%,90.00%,149,0.14,147.88,0.14,{"20240820":0.135},无线,否,推客,否,否,否,否,否,3003800870,游戏动力VGN,1002453015_4100359265_3003800870,Bilibili,4100359265,,0,否,否,0,0,,,0,否
2.97933E+11,0,已完成,2024/7/2 8:38,2024/7/8 9:47,1.0107E+13,3nW3qMcM3Uw5jY0lIPz7zxaa_3cvPzVofY3sKDTNwkT,VGN A75 有线单模 电竞磁轴键盘 客制化 全键热插拔 gasket结构  电竞游戏 A75-磁轴-白,VGN官方旗舰店,1,0,0,同店,189,0.10%,90.00%,189,0.17,189,0.17,{"20240820":0.171},无线,否,推客,否,否,否,否,否,3003800870,游戏动力VGN,1002453015_4100359265_3003800870,Bilibili,4100359265,,0,否,否,0,0,,,0,否
2.97971E+11,0,已完成,2024/7/3 13:35,2024/7/8 8:59,1.00881E+13,0R8MFqXKF9T7xL3lOtoJXM1r_3UIh701p8FhCE5YeUF,VGN V87有线/无线/蓝牙三模客制化机械键盘gasket结构全键热插拔游戏电竞办公键盘IP联名款 V87 动力银轴 星空,VGN官方旗舰店,1,0,0,同店,148.98,0.10%,90.00%,149,0.14,148.98,0.14,{"20240820":0.135},无线,否,推客,否,否,否,否,否,3003800870,游戏动力VGN,1002453015_4100359265_3003800870,Bilibili,4100359265,,0,否,否,0,0,,,0,否
2.98024E+11,0,已完成,2024/7/6 11:58,2024/7/8 8:48,1.0107E+13,R0kllXBPHCS3N5snurF2PUII_3OPK6QmoqHEtShFhFL,VGN A75 有线单模 电竞磁轴键盘 客制化 全键热插拔 gasket结构  电竞游戏 A75-磁轴-黑,VGN官方旗舰店,1,0,0,同店,176.5,0.10%,90.00%,189,0.17,176.5,0.16,{"20240820":0.162},无线,否,推客,否,否,否,否,否,3003800870,游戏动力VGN,1002453015_4100359265_3003800870,Bilibili,4100359265,,0,否,否,0,0,,,0,否
2.97946E+11,0,已完成,2024/7/2 13:10,2024/7/8 7:58,1.0107E+13,3nW3qMcM3Uw5jYBrzPz7zg5i_3cvPzVofY3sKDTNwkT,VGN A75 有线单模 电竞磁轴键盘 客制化 全键热插拔 gasket结构  电竞游戏 A75-磁轴-白,VGN官方旗舰店,1,0,0,同店,189,0.10%,90.00%,189,0.17,189,0.17,{"20240820":0.171},无线,否,推客,否,否,否,否,否,3003800870,游戏动力VGN,1002453015_4100359265_3003800870,Bilibili,4100359265,,0,否,否,0,0,,,0,否
2.94817E+11,0,已完成,2024/7/5 14:49,2024/7/7 18:53,1.0107E+13,82IB5rgXTYjXinAwFNSXYWfY_3klNtUoe4T0LXMdSGa,VGN A75 有线单模 电竞磁轴键盘 客制化 全键热插拔 gasket结构  电竞游戏 A75-磁轴-黑-灰色渐变侧刻,VGN官方旗舰店,1,0,0,同店,249,0.10%,90.00%,249,0.23,249,0.23,{"20240820":0.225},无线,否,推客,否,否,否,否,否,3003800870,游戏动力VGN,1002453015_4100359265_3003800870,Bilibili,4100359265,,0,否,否,0,0,,,0,否
2.9794E+11,0,已完成,2024/7/2 18:17,2024/7/7 15:36,1.0107E+13,82IB5rgXTYjXin2liNSXYb36_3klNtUoe4T0LXMdSGa,VGN A75 有线单模 电竞磁轴键盘 客制化 全键热插拔 gasket结构  电竞游戏 A75-磁轴-黑-灰色渐变侧刻,VGN官方旗舰店,1,0,0,同店,249,0.10%,90.00%,249,0.23,249,0.23,{"20240820":0.225},无线,否,推客,否,否,否,否,否,3003800870,游戏动力VGN,1002453015_4100359265_3003800870,Bilibili,4100359265,,0,否,否,0,0,,,0,否
2.94598E+11,0,已完成,2024/7/2 12:14,2024/7/7 12:10,1.0107E+13,3nW3qMcM3Uw5jbCV9Pz7Pd9L_3cvPzVofY3sKDTNwkT,VGN A75 有线单模 电竞磁轴键盘 客制化 全键热插拔 gasket结构  电竞游戏 A75-磁轴-白,VGN官方旗舰店,1,0,0,同店,188.98,0.10%,90.00%,189,0.17,188.98,0.17,{"20240820":0.171},无线,否,推客,否,否,否,否,否,3003800870,游戏动力VGN,1002453015_4100359265_3003800870,Bilibili,4100359265,,0,否,否,0,0,,,0,否
2.98091E+11,0,已完成,2024/7/6 12:26,2024/7/7 11:25,1.00881E+13,UOWEnlI8WFYYAFboxy3wDNxN_309lpmCZGWougWz3qF,VGN V87有线/无线/蓝牙三模客制化机械键盘gasket结构全键热插拔游戏电竞办公键盘IP联名款 V87PRO 阿尼亚轴 狄安娜,VGN官方旗舰店,1,0,0,同店,298.18,0.10%,90.00%,299,0.27,298.18,0.27,{"20240820":0.270},无线,是,推客,否,否,否,否,否,3003800870,游戏动力VGN,1002453015_4100359265_3003800870,Bilibili,4100359265,,0,否,否,0,0,,,0,否
2.94754E+11,0,已完成,2024/7/3 23:01,2024/7/6 18:13,1.00735E+13,57A7U45ShixNcoKYZXDI0fEA_3jk91rIxLhnA8dUUUt,VGN N75有线/无线/蓝牙三模客制化机械键盘gasket结构全键热插拔游戏电竞办公键盘 N75Pro 蒸汽波轴 加勒比海,VGN官方旗舰店,1,0,0,同店,179,0.10%,90.00%,179,0.16,179,0.16,{"20240820":0.162},无线,否,推客,否,否,否,否,否,3003800870,游戏动力VGN,1002453015_4100359265_3003800870,Bilibili,4100359265,,0,否,否,0,0,,,0,否
2.97945E+11,0,已完成,2024/7/4 9:28,2024/7/6 16:58,1.01008E+13,LDgHDJvWlsB9lE9T7bA6q9T0_3MqeHvYvmlfPhKZPhk,VGN V98PRO V2 三模有线/蓝牙/无线 客制化键盘 机械键盘 电竞游戏 办公家用 全键热插拔  gasket结构 V98Pro-V2 极地狐轴 冰川 侧刻,VGN官方旗舰店,1,0,0,同店,394.93,0.10%,90.00%,399,0.36,394.93,0.35,{"20240820":0.351},无线,是,推客,否,否,否,否,否,3003800870,游戏动力VGN,1002453015_4100359265_3003800870,Bilibili,4100359265,,0,否,否,0,0,,,0,否
2.98052E+11,0,已完成,2024/7/5 13:02,2024/7/6 16:55,1.0107E+13,3nW3qMcM3Uw5jbFGSPz7PtUB_3cvPzVofY3sKDTNwkT,VGN A75 有线单模 电竞磁轴键盘 客制化 全键热插拔 gasket结构  电竞游戏 A75-磁轴-白,VGN官方旗舰店,1,0,0,同店,187.88,0.10%,90.00%,189,0.17,187.88,0.17,{"20240820":0.171},无线,否,推客,否,否,否,否,否,3003800870,游戏动力VGN,1002453015_4100359265_3003800870,Bilibili,4100359265,,0,否,否,0,0,,,0,否
2.94762E+11,0,已完成,2024/7/3 22:28,2024/7/6 16:41,1.01008E+13,LDgHDJvWlsB9lE9T7bA6q9T0_3MqeHvYvmlfPhKZPhk,VGN V98PRO V2 三模有线/蓝牙/无线 客制化键盘 机械键盘 电竞游戏 办公家用 全键热插拔  gasket结构 V98Pro-V2 极地狐轴 冰川 侧刻,VGN官方旗舰店,1,0,0,同店,391.93,0.10%,90.00%,399,0.36,391.93,0.35,{"20240820":0.351},无线,是,推客,否,否,否,否,否,3003800870,游戏动力VGN,1002453015_4100359265_3003800870,Bilibili,4100359265,,0,否,否,0,0,,,0,否
2.97908E+11,0,已完成,2024/7/1 12:45,2024/7/6 15:49,1.01008E+13,ZFJIYIMbZTl37eFXT6pPNjBc_3NM15ba2UZ4rMOkeix,VGN V87有线/无线/蓝牙三模客制化机械键盘gasket结构全键热插拔游戏电竞办公键盘IP联名款 V87 夏荷轴 冰川蓝 侧刻,VGN官方旗舰店,1,0,0,同店,198.41,0.10%,90.00%,199,0.18,198.41,0.18,{"20240820":0.180},无线,是,推客,否,否,否,否,否,3003800870,游戏动力VGN,1002453015_4100359265_3003800870,Bilibili,4100359265,,0,否,否,0,0,,,0,否
2.94715E+11,2.97897E+11,已完成,2024/7/1 13:08,2024/7/6 14:51,1.0107E+13,R0kllXBPHCS3N5BcfrF2P8E4_3OPK6QmoqHEtShFhFL,VGN A75 有线单模 电竞磁轴键盘 客制化 全键热插拔 gasket结构  电竞游戏 A75-磁轴-黑,VGN官方旗舰店,1,0,0,同店,189,0.10%,90.00%,189,0.17,189,0.17,{"20240820":0.171},无线,否,推客,否,否,否,否,否,3003800870,游戏动力VGN,1002453015_4100359265_3003800870,Bilibili,4100359265,,0,否,否,0,0,,,0,否
2.97875E+11,0,已完成,2024/7/2 13:04,2024/7/6 13:01,1.0107E+13,82IB5rgXTYjXinA8wNSXYWvm_3klNtUoe4T0LXMdSGa,VGN A75 有线单模 电竞磁轴键盘 客制化 全键热插拔 gasket结构  电竞游戏 A75-磁轴-黑-灰色渐变侧刻,VGN官方旗舰店,1,0,0,同店,248.98,0.10%,90.00%,249,0.23,248.98,0.23,{"20240820":0.225},无线,否,推客,否,否,否,否,否,3003800870,游戏动力VGN,1002453015_4100359265_3003800870,Bilibili,4100359265,,0,否,否,0,0,,,0,否
2.94664E+11,0,已完成,2024/7/1 12:35,2024/7/6 11:36,1.0107E+13,3nW3qMcM3Uw5jYgFtPz7zBYj_3cvPzVofY3sKDTNwkT,VGN A75 有线单模 电竞磁轴键盘 客制化 全键热插拔 gasket结构  电竞游戏 A75-磁轴-白,VGN官方旗舰店,1,0,0,同店,188.99,0.10%,90.00%,189,0.17,188.99,0.17,{"20240820":0.171},无线,否,推客,否,否,否,否,否,3003800870,游戏动力VGN,1002453015_4100359265_3003800870,Bilibili,4100359265,,0,否,否,0,0,,,0,否
2.94694E+11,2.9475E+11,已完成,2024/7/2 18:27,2024/7/6 9:41,1.01008E+13,LDgHDJvWlsB9lEdGybA6qkGC_3MqeHvYvmlfPhKZPhk,VGN V98PRO V2 三模有线/蓝牙/无线 客制化键盘 机械键盘 电竞游戏 办公家用 全键热插拔  gasket结构 V98Pro-V2 极地狐轴 冰川 侧刻,VGN官方旗舰店,1,0,0,同店,397.92,0.10%,90.00%,399,0.36,397.92,0.36,{"20240820":0.360},无线,是,推客,否,否,否,否,否,3003800870,游戏动力VGN,1002453015_4100359265_3003800870,Bilibili,4100359265,,0,否,否,0,0,,,0,否
2.94724E+11,0,已完成,2024/7/2 12:55,2024/7/6 9:29,1.00915E+13,vjRpAOUEg7oA4G4oYQKsUBUK_373Z9LZoVgkTlrSTtw,VGN V98PRO V2 三模有线/蓝牙/无线 客制化键盘 机械键盘 电竞游戏 办公家用 全键热插拔  gasket结构 V98Pro-V2 冰淇淋轴Pro 海盐,VGN官方旗舰店,1,0,0,同店,377.98,0.10%,90.00%,379,0.34,377.98,0.34,{"20240820":0.342},无线,是,推客,否,否,否,否,否,3003800870,游戏动力VGN,1002453015_4100359265_3003800870,Bilibili,4100359265,,0,否,否,0,0,,,0,否
2.94575E+11,0,已完成,2024/7/1 12:54,2024/7/6 8:46,1.0107E+13,82IB5rgXTYjXina0uNSXYwP3_3klNtUoe4T0LXMdSGa,VGN A75 有线单模 电竞磁轴键盘 客制化 全键热插拔 gasket结构  电竞游戏 A75-磁轴-黑-灰色渐变侧刻,VGN官方旗舰店,1,0,0,同店,248.98,0.10%,90.00%,249,0.23,248.98,0.23,{"20240820":0.225},无线,否,推客,否,否,否,否,否,3003800870,游戏动力VGN,1002453015_4100359265_3003800870,Bilibili,4100359265,,0,否,否,0,0,,,0,否
2.97961E+11,0,已完成,2024/7/2 22:52,2024/7/5 13:11,1.00884E+13,6vVW1HYJKf6PgTwqa7F2UPMK_sweEZ06xs7zbVVWLvE,VGN V87有线/无线/蓝牙三模客制化机械键盘gasket结构全键热插拔游戏电竞办公键盘IP联名款 V87PRO  阿尼亚轴 微光 雾透侧刻,VGN官方旗舰店,1,0,0,同店,249,0.10%,90.00%,249,0.23,249,0.23,{"20240820":0.225},无线,否,推客,否,否,否,否,否,3003800870,游戏动力VGN,1002453015_4100359265_3003800870,Bilibili,4100359265,,0,否,否,0,0,,,0,否
2.97966E+11,0,已完成,2024/7/2 23:40,2024/7/5 12:17,1.00915E+13,VN26PIGxdqKBQdaULmY5n0ug_3FGg4Cq3Od7bSLgpX0,VGN V98PRO V2 三模有线/蓝牙/无线 客制化键盘 机械键盘 电竞游戏 办公家用 全键热插拔  gasket结构 V98Pro-V2知秋轴 枫糖 限定款,VGN官方旗舰店,1,0,0,同店,374.98,0.10%,90.00%,379,0.34,374.98,0.33,{"20240820":0.333},无线,是,推客,否,否,否,否,否,3003800870,游戏动力VGN,1002453015_4100359265_3003800870,Bilibili,4100359265,,0,否,否,0,0,,,0,否
2.94701E+11,0,已完成,2024/7/1 11:59,2024/7/5 10:54,1.0107E+13,3nW3qMcM3Uw5jbwTSPz7PJDB_3cvPzVofY3sKDTNwkT,VGN A75 有线单模 电竞磁轴键盘 客制化 全键热插拔 gasket结构  电竞游戏 A75-磁轴-白,VGN官方旗舰店,1,0,0,同店,186.93,0.10%,90.00%,189,0.17,186.93,0.17,{"20240820":0.171},无线,否,推客,否,否,否,否,否,3003800870,游戏动力VGN,1002453015_4100359265_3003800870,Bilibili,4100359265,,0,否,否,0,0,,,0,否
2.94573E+11,0,已完成,2024/6/25 14:08,2024/7/4 20:20,1.0107E+13,3nW3qMcM3Uw5jb6X4Pz7PU4J_3cvPzVofY3sKDTNwkT,VGN A75 有线单模 电竞磁轴键盘 客制化 全键热插拔 gasket结构  电竞游戏 A75-磁轴-白,VGN官方旗舰店,1,0,0,同店,189,0.10%,90.00%,189,0.17,189,0.17,{"20240820":0.171},无线,否,推客,否,否,否,否,否,3003800870,游戏动力VGN,1002453015_4100359265_3003800870,Bilibili,4100359265,,0,否,否,0,0,,,0,否
2.97722E+11,0,已完成,2024/6/26 11:46,2024/7/4 17:55,1.0107E+13,R0kllXBPHCS3NrYJwrF2KoiO_3OPK6QmoqHEtShFhFL,VGN A75 有线单模 电竞磁轴键盘 客制化 全键热插拔 gasket结构  电竞游戏 A75-磁轴-黑,VGN官方旗舰店,1,0,0,同店,188.43,0.10%,90.00%,189,0.17,188.43,0.17,{"20240820":0.171},无线,是,推客,否,否,否,否,否,3003800870,游戏动力VGN,1002453015_4100359265_3003800870,Bilibili,4100359265,,0,否,否,0,0,,,0,否
2.94538E+11,0,已完成,2024/6/29 22:14,2024/7/4 16:20,1.00881E+13,czqr8AtYshCAil7Bzct1hgEo_336URiMmGsFSVFbJWa,VGN V87有线/无线/蓝牙三模客制化机械键盘gasket结构全键热插拔游戏电竞办公键盘IP联名款 V87 动力银轴 加勒比海,VGN官方旗舰店,1,0,0,同店,149,0.10%,90.00%,149,0.14,149,0.14,{"20240820":0.135},无线,否,推客,否,否,否,否,否,3003800870,游戏动力VGN,1002453015_4100359265_3003800870,Bilibili,4100359265,,0,否,否,0,0,,,0,否
2.97911E+11,0,已完成,2024/7/1 15:01,2024/7/4 12:35,1.00771E+13,Q9Z2ZepDkauz7V8jBUCNjMVk_3SD7M7W18kR0Ox47oa,VGN 蜻蜓F1MOBA 有线/无线双模鼠标 游戏电竞 家用办公 长续航 PAW3395 轻量化设计 人体工学 蜻蜓F1 MOBA（白色）,VGN官方旗舰店,1,0,0,同店,239,0.10%,90.00%,239,0.22,239,0.22,{"20240820":0.216},无线,否,推客,否,否,否,否,否,3003800870,游戏动力VGN,1002453015_4100359265_3003800870,Bilibili,4100359265,,0,否,否,0,0,,,0,否
2.97898E+11,0,已完成,2024/7/1 14:14,2024/7/4 11:11,1.00735E+13,W1glWyLCnJZmaoSnM5jOugKv_3ASiJIQ5lni9ePNkWs,VGN N75有线/无线/蓝牙三模客制化机械键盘gasket结构全键热插拔游戏电竞办公键盘 N75Pro 蒸汽波轴 果冻橙,VGN官方旗舰店,1,0,0,同店,178.99,0.10%,90.00%,179,0.16,178.99,0.16,{"20240820":0.162},无线,否,推客,否,否,否,否,否,3003800870,游戏动力VGN,1002453015_4100359265_3003800870,Bilibili,4100359265,,0,否,否,0,0,,,0,否
2.97897E+11,0,已完成,2024/7/1 15:17,2024/7/4 9:43,1.00881E+13,57A7U45ShixNchmsSXDIEltL_3jk91rIxLhnAZdWrCt,VGN V87有线/无线/蓝牙三模客制化机械键盘gasket结构全键热插拔游戏电竞办公键盘IP联名款 V87 草莓布丁轴 果冻橙,VGN官方旗舰店,1,0,0,同店,95.9,0.10%,90.00%,194,0.17,100.9,0.09,{"20240820":0.090},无线,否,推客,否,否,否,否,否,3003800870,游戏动力VGN,1002453015_4100359265_3003800870,Bilibili,4100359265,,0,否,否,0,0,,,0,否
2.97774E+11,0,已完成,2024/6/29 14:53,2024/7/4 9:40,1.01044E+13,daMwkVNtDNh4jvG6R14fKwNW_3ioM2Cp7uDT54kI2YY,VGN S99PRO有线/无线/蓝牙三模客制化机械键盘gasket结构全键热插拔游戏电竞铝坨坨全铝合金外壳 S99PRO 青海湖轴 破晓,VGN官方旗舰店,1,0,0,同店,419,0.10%,90.00%,419,0.38,419,0.38,{"20240820":0.378},无线,否,推客,否,否,否,否,否,3003800870,游戏动力VGN,1002453015_4100359265_3003800870,Bilibili,4100359265,,0,否,否,0,0,,,0,否
2.94499E+11,0,已完成,2024/6/28 11:21,2024/7/3 19:08,1.0107E+13,3nW3qMcM3Uw5jb5BaPz7PA13_3cvPzVofY3sKDTNwkT,VGN A75 有线单模 电竞磁轴键盘 客制化 全键热插拔 gasket结构  电竞游戏 A75-磁轴-白,VGN官方旗舰店,1,0,0,同店,189,0.10%,90.00%,189,0.17,189,0.17,{"20240820":0.171},无线,否,推客,否,否,否,否,否,3003800870,游戏动力VGN,1002453015_4100359265_3003800870,Bilibili,4100359265,,0,否,否,0,0,,,0,否
2.94413E+11,0,已完成,2024/6/20 23:07,2024/7/3 18:46,1.00695E+13,E4AlxB6z7138SFAl3Gkdyf9z_3PAqF4ngG7ZvtcyJWl,VGN 蜻蜓F1MOBA 有线/无线双模鼠标 游戏电竞 家用办公 长续航 PAW3395 轻量化设计 人体工学 蜻蜓F1ProMax（黑色）,VGN官方旗舰店,1,0,0,同店,218.5,0.10%,90.00%,219,0.2,218.5,0.2,{"20240820":0.198},无线,否,推客,否,否,否,否,否,3003800870,游戏动力VGN,1002453015_4100359265_3003800870,Bilibili,4100359265,,0,否,否,0,0,,,0,否
2.97902E+11,0,已完成,2024/7/1 10:18,2024/7/3 16:00,1.00915E+13,E4AlxB6z7138SFKfCGkdyvMc_3PAqF4ngG7ZvwvgK1l,VGN V98PRO V2 三模有线/蓝牙/无线 客制化键盘 机械键盘 电竞游戏 办公家用 全键热插拔  gasket结构 V98Pro-V2 蓝莓冰淇淋轴 海盐,VGN官方旗舰店,1,0,0,同店,358.9,0.10%,90.00%,364,0.32,364,0.32,{"20240820":0.324},无线,否,推客,否,否,否,否,否,3003800870,游戏动力VGN,1002453015_4100359265_3003800870,Bilibili,4100359265,,0,否,否,0,0,,,0,否
2.97741E+11,0,已完成,2024/6/26 20:46,2024/7/3 13:39,1.0107E+13,3nW3qMcM3Uw5jbCLoPz7PdA2_3cvPzVofY3sKDTNwkT,VGN A75 有线单模 电竞磁轴键盘 客制化 全键热插拔 gasket结构  电竞游戏 A75-磁轴-白,VGN官方旗舰店,1,0,0,同店,183.5,0.10%,90.00%,189,0.17,183.5,0.16,{"20240820":0.162},无线,否,推客,否,否,否,否,否,3003800870,游戏动力VGN,1002453015_4100359265_3003800870,Bilibili,4100359265,,0,否,否,0,0,,,0,否
2.97871E+11,0,已完成,2024/6/30 14:00,2024/7/3 11:48,1.00914E+13,jvZ5IlWmuWOSY68oIqrnCRTs_3525UfSyCuO6VTn8BH,VGN VXE海妖V1蓝牙5.3/2.4G双模轻量化设计头戴式耳机带麦电竞游戏吃鸡电脑网课办公耳麦 VGN海妖V1黑色,VGN官方旗舰店,1,0,0,同店,99,0.10%,90.00%,99,0.09,99,0.09,{"20240820":0.090},无线,否,推客,否,否,否,否,否,3003800870,游戏动力VGN,1002453015_4100359265_3003800870,Bilibili,4100359265,,0,否,否,0,0,,,0,否
2.97837E+11,0,已完成,2024/6/29 15:43,2024/7/3 9:12,1.0107E+13,daMwkVNtDNh4j1FDs14fseGp_3ioM2Cp7uDT5L90lDY,VGN A75 有线单模 电竞磁轴键盘 客制化 全键热插拔 gasket结构  电竞游戏 A75-磁轴-蓝色渐变侧刻,VGN官方旗舰店,1,0,0,同店,248,0.10%,90.00%,249,0.23,248,0.23,{"20240820":0.225},无线,否,推客,否,否,否,否,否,3003800870,游戏动力VGN,1002453015_4100359265_3003800870,Bilibili,4100359265,,0,否,否,0,0,,,0,否
2.97774E+11,0,已完成,2024/6/28 1:08,2024/7/3 8:37,1.01044E+13,daMwkVNtDNh4jv7D014fKfG1_3ioM2Cp7uDT54kI2YY,VGN S99PRO有线/无线/蓝牙三模客制化机械键盘gasket结构全键热插拔游戏电竞铝坨坨全铝合金外壳 S99PRO 青海湖轴 破晓,VGN官方旗舰店,1,0,0,同店,416.33,0.10%,90.00%,419,0.38,416.33,0.38,{"20240820":0.378},无线,是,推客,否,否,否,否,否,3003800870,游戏动力VGN,1002453015_4100359265_3003800870,Bilibili,4100359265,,0,否,否,0,0,,,0,否
2.97764E+11,0,已完成,2024/6/27 14:42,2024/7/2 19:27,1.0107E+13,R0kllXBPHCS3NrYlSrF2Ko0e_3OPK6QmoqHEtShFhFL,VGN A75 有线单模 电竞磁轴键盘 客制化 全键热插拔 gasket结构  电竞游戏 A75-磁轴-黑,VGN官方旗舰店,1,0,0,同店,189,0.10%,90.00%,189,0.17,189,0.17,{"20240820":0.171},无线,否,推客,否,否,否,否,否,3003800870,游戏动力VGN,1002453015_4100359265_3003800870,Bilibili,4100359265,,0,否,否,0,0,,,0,否
2.97763E+11,0,已完成,2024/6/27 14:31,2024/7/2 17:01,1.0107E+13,82IB5rgXTYjXi61ywNSXATpm_3klNtUoe4T0LXMdSGa,VGN A75 有线单模 电竞磁轴键盘 客制化 全键热插拔 gasket结构  电竞游戏 A75-磁轴-黑-灰色渐变侧刻,VGN官方旗舰店,1,0,0,同店,244.93,0.10%,90.00%,249,0.23,244.93,0.22,{"20240820":0.216},无线,否,推客,否,否,否,否,否,3003800870,游戏动力VGN,1002453015_4100359265_3003800870,Bilibili,4100359265,,0,否,否,0,0,,,0,否
2.94597E+11,0,已完成,2024/6/26 14:44,2024/7/2 15:43,1.0107E+13,3nW3qMcM3Uw5jb2FZPz7PYY1_3cvPzVofY3sKDTNwkT,VGN A75 有线单模 电竞磁轴键盘 客制化 全键热插拔 gasket结构  电竞游戏 A75-磁轴-白,VGN官方旗舰店,1,0,0,同店,189,0.10%,90.00%,189,0.17,189,0.17,{"20240820":0.171},无线,否,推客,否,否,否,否,否,3003800870,游戏动力VGN,1002453015_4100359265_3003800870,Bilibili,4100359265,,0,否,否,0,0,,,0,否
2.97768E+11,0,已完成,2024/6/27 13:30,2024/7/2 13:32,1.0107E+13,3nW3qMcM3Uw5jYAQyPz7z5Nk_3cvPzVofY3sKDTNwkT,VGN A75 有线单模 电竞磁轴键盘 客制化 全键热插拔 gasket结构  电竞游戏 A75-磁轴-白,VGN官方旗舰店,1,0,0,同店,187.88,0.10%,90.00%,189,0.17,187.88,0.17,{"20240820":0.171},无线,否,推客,否,否,否,否,否,3003800870,游戏动力VGN,1002453015_4100359265_3003800870,Bilibili,4100359265,,0,否,否,0,0,,,0,否
2.97754E+11,0,已完成,2024/6/27 15:00,2024/7/2 12:42,1.0107E+13,R0kllXBPHCS3N5sdOrF2PUPw_3OPK6QmoqHEtShFhFL,VGN A75 有线单模 电竞磁轴键盘 客制化 全键热插拔 gasket结构  电竞游戏 A75-磁轴-黑,VGN官方旗舰店,1,0,0,同店,189,0.10%,90.00%,189,0.17,189,0.17,{"20240820":0.171},无线,否,推客,否,否,否,否,否,3003800870,游戏动力VGN,1002453015_4100359265_3003800870,Bilibili,4100359265,,0,否,否,0,0,,,0,否
2.94463E+11,0,已完成,2024/6/20 22:24,2024/7/2 12:20,1.00695E+13,VN26PIGxdqKBQdFnImY5n8Jz_3FGg4Cq3Od7bzrnjw0,VGN 蜻蜓F1MOBA 有线/无线双模鼠标 游戏电竞 家用办公 长续航 PAW3395 轻量化设计 人体工学 蜻蜓F1ProMax（白色）,VGN官方旗舰店,1,0,0,同店,211,0.10%,90.00%,214,0.19,214,0.19,{"20240820":0.189},无线,否,推客,否,否,否,否,否,3003800870,游戏动力VGN,1002453015_4100359265_3003800870,Bilibili,4100359265,,0,否,否,0,0,,,0,否
2.97749E+11,0,已完成,2024/6/27 12:43,2024/7/2 11:59,1.0107E+13,82IB5rgXTYjXi6ssyNSXAqi7_3klNtUoe4T0LXMdSGa,VGN A75 有线单模 电竞磁轴键盘 客制化 全键热插拔 gasket结构  电竞游戏 A75-磁轴-黑-灰色渐变侧刻,VGN官方旗舰店,1,0,0,同店,248.28,0.10%,90.00%,249,0.23,248.28,0.23,{"20240820":0.225},无线,是,推客,否,否,否,否,否,3003800870,游戏动力VGN,1002453015_4100359265_3003800870,Bilibili,4100359265,,0,否,否,0,0,,,0,否
2.94647E+11,0,已完成,2024/6/28 14:26,2024/7/2 11:41,1.00915E+13,phrnm0QHNZPAKAPmXwsMTgjm_3erEj6ePJNgDAm9kVb,VGN V98PRO V2 三模有线/蓝牙/无线 客制化键盘 机械键盘 电竞游戏 办公家用 全键热插拔  gasket结构 V98Pro-V2 蒸汽波轴Pro 黑加仑,VGN官方旗舰店,1,0,0,同店,286.7,0.10%,90.00%,289,0.26,286.7,0.26,{"20240820":0.261},无线,是,推客,否,否,否,否,否,3003800870,游戏动力VGN,1002453015_4100359265_3003800870,Bilibili,4100359265,,0,否,否,0,0,,,0,否
2.9458E+11,0,已完成,2024/6/26 13:35,2024/7/2 11:05,1.0107E+13,82IB5rgXTYjXi6ssyNSXAqi7_3klNtUoe4T0LXMdSGa,VGN A75 有线单模 电竞磁轴键盘 客制化 全键热插拔 gasket结构  电竞游戏 A75-磁轴-黑-灰色渐变侧刻,VGN官方旗舰店,1,0,0,同店,263.28,0.10%,90.00%,249,0.23,248.28,0.23,{"20240820":0.225},无线,是,推客,否,否,否,否,否,3003800870,游戏动力VGN,1002453015_4100359265_3003800870,Bilibili,4100359265,,0,否,否,0,0,,,0,否
2.97743E+11,2.94612E+11,已完成,2024/6/27 1:04,2024/7/2 9:38,1.00695E+13,BMrZnneTRIWJ21yNApM4SOzb_3DFasxFPkRjx6yNia7,VGN 蜻蜓F1MOBA 有线/无线双模鼠标 游戏电竞 家用办公 长续航 PAW3395 轻量化设计 人体工学 蜻蜓F1Pro（白色）,VGN官方旗舰店,1,0,0,同店,199,0.10%,90.00%,199,0.18,199,0.18,{"20240820":0.180},无线,否,推客,否,否,否,否,否,3003800870,游戏动力VGN,1002453015_4100359265_3003800870,Bilibili,4100359265,,0,否,否,0,0,,,0,否
2.94543E+11,2.94685E+11,已完成,2024/6/30 8:24,2024/7/2 9:38,1.00881E+13,UOWEnlI8WFYYAFSVjy3wDtEX_309lpmCZGWougWz3qF,VGN V87有线/无线/蓝牙三模客制化机械键盘gasket结构全键热插拔游戏电竞办公键盘IP联名款 V87PRO 阿尼亚轴 狄安娜,VGN官方旗舰店,1,0,0,同店,296.83,0.10%,90.00%,299,0.27,296.83,0.27,{"20240820":0.270},无线,是,推客,否,否,否,否,否,3003800870,游戏动力VGN,1002453015_4100359265_3003800870,Bilibili,4100359265,,0,否,否,0,0,,,0,否
2.97909E+11,0,已完成,2024/7/1 12:20,2024/7/2 8:35,1.0107E+13,daMwkVNtDNh4jv1hA14fKjfO_3ioM2Cp7uDT5L90lDY,VGN A75 有线单模 电竞磁轴键盘 客制化 全键热插拔 gasket结构  电竞游戏 A75-磁轴-蓝色渐变侧刻,VGN官方旗舰店,1,0,0,同店,248.99,0.10%,90.00%,249,0.23,248.99,0.23,{"20240820":0.225},无线,否,推客,否,否,否,否,否,3003800870,游戏动力VGN,1002453015_4100359265_3003800870,Bilibili,4100359265,,0,否,否,0,0,,,0,否
2.97697E+11,0,已完成,2024/6/27 14:27,2024/7/2 0:20,1.0107E+13,82IB5rgXTYjXinI2LNSXY4jA_3klNtUoe4T0LXMdSGa,VGN A75 有线单模 电竞磁轴键盘 客制化 全键热插拔 gasket结构  电竞游戏 A75-磁轴-黑-灰色渐变侧刻,VGN官方旗舰店,1,0,0,同店,248.98,0.10%,90.00%,249,0.23,248.98,0.23,{"20240820":0.225},无线,否,推客,否,否,否,否,否,3003800870,游戏动力VGN,1002453015_4100359265_3003800870,Bilibili,4100359265,,0,否,否,0,0,,,0,否
2.9769E+11,0,已完成,2024/6/25 10:40,2024/7/1 17:07,1.0107E+13,3nW3qMcM3Uw5jbhyGPz7PV7E_3cvPzVofY3sKDTNwkT,VGN A75 有线单模 电竞磁轴键盘 客制化 全键热插拔 gasket结构  电竞游戏 A75-磁轴-白,VGN官方旗舰店,1,0,0,同店,183.15,0.10%,90.00%,184,0.16,183.44,0.16,{"20240820":0.162},无线,是,推客,否,否,否,否,否,3003800870,游戏动力VGN,1002453015_4100359265_3003800870,Bilibili,4100359265,,0,否,否,0,0,,,0,否
2.94617E+11,0,已完成,2024/6/28 20:55,2024/7/1 16:50,1.00768E+13,751e2jYv4HkwuF6XgMvomAP7_3vbTdJ0Ny4wBWc9CdN,VGN S99 三模连接 蓝牙/无线 客制化键盘 机械键盘 游戏电竞 办公 单键开槽 全键热插拔 gasket结构 S99 极光冰淇淋轴 鎏金黑,VGN官方旗舰店,1,0,0,同店,439,3.00%,90.00%,439,11.85,439,11.85,{"20240820":11.853},无线,否,推客,否,否,否,否,否,3003800870,游戏动力VGN,1002453015_4100359265_3003800870,Bilibili,4100359265,,0,否,否,0,0,,,0,否
2.94596E+11,0,已完成,2024/6/26 11:24,2024/7/1 13:43,1.0107E+13,R0kllXBPHCS3N574trF2PNzY_3OPK6QmoqHEtShFhFL,VGN A75 有线单模 电竞磁轴键盘 客制化 全键热插拔 gasket结构  电竞游戏 A75-磁轴-黑,VGN官方旗舰店,1,0,0,同店,189,0.10%,90.00%,189,0.17,189,0.17,{"20240820":0.171},无线,否,推客,否,否,否,否,否,3003800870,游戏动力VGN,1002453015_4100359265_3003800870,Bilibili,4100359265,,0,否,否,0,0,,,0,否
2.97762E+11,2.97697E+11,已完成,2024/6/27 12:01,2024/7/1 10:38,1.00725E+13,R0kllXBPHCS3NrFz2rF2Kj4F_3OPK6QmoqHEt7USEzL,VGN S99 三模连接 蓝牙/无线 客制化键盘 机械键盘 游戏电竞 办公 单键开槽 全键热插拔 gasket结构 S99 阿尼亚轴 斑斓绿,VGN官方旗舰店,1,0,0,同店,269,3.00%,90.00%,274,7.4,274,7.4,{"20240820":7.398},无线,否,推客,否,否,否,否,否,3003800870,游戏动力VGN,1002453015_4100359265_3003800870,Bilibili,4100359265,,0,否,否,0,0,,,0,否
2.97724E+11,0,已完成,2024/6/26 12:45,2024/7/1 10:23,1.0107E+13,3nW3qMcM3Uw5jYVkHPz7zhpR_3cvPzVofY3sKDTNwkT,VGN A75 有线单模 电竞磁轴键盘 客制化 全键热插拔 gasket结构  电竞游戏 A75-磁轴-白,VGN官方旗舰店,1,0,0,同店,189,0.10%,90.00%,189,0.17,189,0.17,{"20240820":0.171},无线,否,推客,否,否,否,否,否,3003800870,游戏动力VGN,1002453015_4100359265_3003800870,Bilibili,4100359265,,0,否,否,0,0,,,0,否
2.94571E+11,0,已完成,2024/6/25 10:36,2024/7/1 9:07,1.0107E+13,3nW3qMcM3Uw5jbzqtPz7PEnj_3cvPzVofY3sKDTNwkT,VGN A75 有线单模 电竞磁轴键盘 客制化 全键热插拔 gasket结构  电竞游戏 A75-磁轴-白,VGN官方旗舰店,1,0,0,同店,189,0.10%,90.00%,189,0.17,189,0.17,{"20240820":0.171},PC,否,推客,否,否,否,否,否,3003800870,游戏动力VGN,1002453015_4100359265_3003800870,Bilibili,4100359265,,0,否,否,0,0,,,0,否
2.97724E+11,0,已完成,2024/6/26 13:09,2024/7/1 8:27,1.0107E+13,3nW3qMcM3Uw5jbIuDPz7P33Q_3cvPzVofY3sKDTNwkT,VGN A75 有线单模 电竞磁轴键盘 客制化 全键热插拔 gasket结构  电竞游戏 A75-磁轴-白,VGN官方旗舰店,1,0,0,同店,188.7,0.10%,90.00%,189,0.17,188.7,0.17,{"20240820":0.171},无线,否,推客,否,否,否,否,否,3003800870,游戏动力VGN,1002453015_4100359265_3003800870,Bilibili,4100359265,,0,否,否,0,0,,,0,否
2.97779E+11,0,已完成,2024/6/27 21:04,2024/7/1 2:35,1.0107E+13,3nW3qMcM3Uw5jbzaPPz7PElC_3cvPzVofY3sKDTNwkT,VGN A75 有线单模 电竞磁轴键盘 客制化 全键热插拔 gasket结构  电竞游戏 A75-磁轴-白,VGN官方旗舰店,1,0,0,同店,188.98,0.10%,90.00%,189,0.17,188.98,0.17,{"20240820":0.171},无线,否,推客,否,否,否,否,否,3003800870,游戏动力VGN,1002453015_4100359265_3003800870,Bilibili,4100359265,,0,否,否,0,0,,,0,否
